ID,Week,Order,Song,Genre,Subgenre,Youtube,Tags,Map,Mapper,Likes/Days,BPM,BPM 2,Revised BPM,Notes,,
1,06-09-2020,1,Chained to the Rhythm - Katy Perry,Pop,Dance,https://www.youtube.com/watch?v=Um7pMggPnug,-,https://bsaber.com/songs/ab9b/,https://bsaber.com/tag/DontShootMe/,25.80,95.0,94.9900,95,,,
,,2,Zomboy - Endgame,Electronic,Dubstep,https://www.youtube.com/watch?v=_lWI4gXU48k,-,https://bsaber.com/songs/affa/,https://bsaber.com/tag/spookyGhost/,69.00,131.5,200.0000,200,,,
,,3,Falling - Dropgun x Asketa,Electronic,House,https://www.youtube.com/watch?v=AIpNaCjV_wE,-,https://bsaber.com/songs/adf4/,https://bsaber.com/tag/Teuflum/,10.67,126.5,126.0000,126,,,
,,4,Namae no Nai Kaibutsu 22/7,J-Pop,DnB,https://www.youtube.com/watch?v=zkJdPVWSgzw,-,https://bsaber.com/songs/af7f/,https://bsaber.com/tag/joetastic,24.00,120.0,90.0100,180,,,
,,5,Hide & Seek ‚Äì Amber Run,Rock,Indie,https://www.youtube.com/watch?v=ZlapKWfwv3A,-,https://bsaber.com/songs/afb5/,https://bsaber.com/tag/nyri0/,39.00,136.0,132.6700,136,,,
,,6,Cruel Angel's Thesis - Fujima Sakura,J-Pop,Anime,https://www.youtube.com/watch?v=8F1OoEBmR6E&feature=emb_title,-,https://bsaber.com/songs/ae9d/,https://bsaber.com/tag/joetastic,15.25,153.0,127.9900,128,,,
,,7,Kimi no Shiranai Monogatari,J-Pop,Indie,https://www.youtube.com/watch?v=eLPs_w-FepA,-,https://bsaber.com/songs/af35/,https://bsaber.com/tag/joetastic,16.33,147.0,166.1900,,,,
,,8,Beat it - Michael Jackson (Mutrix Remix),Electronic,Dubstep,https://www.youtube.com/watch?v=X0LwYLuXWhE,-,https://bsaber.com/songs/aec1/,https://bsaber.com/tag/pkdan/,12.00,140.5,70.0500,,,,
,,9,Alan Walker - Spectre,Electronic,EDM,https://www.youtube.com/watch?v=wJnBTPUQS5A,-,https://bsaber.com/songs/ae0e/,https://bsaber.com/tag/WeldonWen/,11.60,109.5,127.9900,,,,
,,10,Fox Stevenson - Bruises,Electronic,Drumstep,https://www.youtube.com/watch?v=sFCpqrMMQGM,-,https://bsaber.com/songs/ae3c/,https://bsaber.com/tag/Checkthepan/,9.00,174.5,172.1600,,,,
,,11,Sonic Generations - City Escape,Video Game,Electro,https://www.youtube.com/watch?v=aIzB8FrKVCU,-,https://bsaber.com/songs/afd2/,https://bsaber.com/tag/Neptor/,14.50,130.5,129.9400,,,,
,,12,James Landino - Reaction /ft. Slyleaf),J-Pop,House,https://www.youtube.com/watch?v=PNz39892Qig,-,https://bsaber.com/songs/add8/,https://bsaber.com/tag/Sobas/,4.67,132.5,134.6300,,,,
,,13,Fox Stevenson - Comeback,Electronic,Dubstep,https://www.youtube.com/watch?v=d_7ZSMTnwVs,-,https://bsaber.com/songs/ae67/,https://bsaber.com/tag/Pixelguymm/,10.00,112.5,223.6100,,,,
,,14,Elvenking - The Horden Ghost and the Sorcerer,Rock,Metal,https://www.youtube.com/watch?v=sOIeex5dQ2E,-,https://bsaber.com/songs/af4e/,https://bsaber.com/tag/Cyrix/,7.67,132.0,198.0800,,,,
,,15,TXT - Run Away (Japanese ver),J-Pop,Pop,https://www.youtube.com/watch?v=2u8ExBR-RbQ,-,https://bsaber.com/songs/ad55/,https://bsaber.com/tag/noxn/,3.83,129.0,129.5900,,,,
,,16,Obenkyou Shitoiteyo,J-Pop,Dance,https://www.youtube.com/watch?v=up4TkZ7otHk,-,https://bsaber.com/songs/af73/,https://bsaber.com/tag/Dack/,7.67,109.5,131.4300,,,,
,,17,Asking Alexandria - The Violence,Rock,Alternative,https://www.youtube.com/watch?v=ckPEI4dYIlM,-,https://bsaber.com/songs/ade7/,https://bsaber.com/tag/noxn/,3.67,115.0,64.9900,,,,
,,18,Heatseeker - Reaper,Electronic,Deathstep,https://www.youtube.com/watch?v=A26QrVUuT2A,-,https://bsaber.com/songs/aebf/,https://bsaber.com/members/timeweaver/,5.50,87.5,173.9700,,,,
,,19,Camellia ‚Äì #1f1e33,Electronic,J-Core,https://www.youtube.com/watch?v=w4U9S5eX3eY,-,https://bsaber.com/songs/af97/,https://bsaber.com/tag/Nolanimations/,11.00,90.5,182.8100,,,,
,,20,Fighting Gold - Jojo Golden Wind,J-Pop,Anime,https://www.youtube.com/watch?v=OchozLuSHM0,-,https://bsaber.com/songs/adef/,https://bsaber.com/tag/joetastic,5.00,115.0,215.2200,,,,
2,06-19-2020,1,Platinum Disco (Short Ver.) [Nisemonogatari Opening 3],J-Pop,Anime,https://www.youtube.com/watch?v=dSUIhJ0vMDY,"ANIME, DISCO, JAPANESE",https://bsaber.com/songs/b345/,https://bsaber.com/tag/etan,40.50,117.5,116.9900,,,,
,,2,[Bloq Busters Vol. 4] Guns n‚Äô Roses ‚Äì Sweet Child O‚Äô Mine,Rock,Hard Rock,https://www.youtube.com/watch?v=V7aY2G7FvOM,360 DEGREE,https://bsaber.com/songs/b1a2/,https://bsaber.com/tag/majorpickle,4.86,127.0,129.1800,,,,
,,3,YOASOBI ‚Äì Yoru ni Kakeru,J-Pop,Dance,https://www.youtube.com/watch?v=vEyPvak2K9o,"DANCEABLE, J-POP, JAPANESE",https://bsaber.com/songs/b1bd/,https://bsaber.com/tag/dack,8.50,130.5,161.4500,,,,
,,4,The Prodigy ‚Äì The Day is my Enemy,Electronic,Heavy EDM,https://www.youtube.com/watch?v=h1AaKBbNGkk,-,https://bsaber.com/songs/b209/,https://bsaber.com/tag/tagh_azog,4.33,106.5,116.9500,,,,
,,5,[[Wall Show+Chroma]] Cups (When I‚Äôm Gone) | Pitch Perfect,Pop,Indie,https://www.youtube.com/watch?v=cmSbXsFE3l8,-,https://bsaber.com/songs/b34d/,https://bsaber.com/tag/thelightdesigner,8.00,99.5,130.0100,,,,
,,6,Mogli ‚Äì WinterSun (Neelix Remix),Electronic,Trance,https://www.youtube.com/watch?v=DHADDyC5kC4,-,https://bsaber.com/songs/b37d/,https://bsaber.com/tag/happyglt,12.00,140.0,140.0000,,,,
,,7,"Snoop Dogg & Wiz Khalifa ‚Äì Young, Wild and Free (ft. Bruno Mars) [Z-ANESaber]",Hip Hop,Rap,https://www.youtube.com/watch?v=_CL6n0FJZpk,-,https://bsaber.com/songs/b330/,https://bsaber.com/tag/z-anesaber,10.00,105.0,94.0300,,,,
,,8,Moe Shop x Hentaidude | Superstar (Chroma RGB),Hip Hop,Japanese,https://www.youtube.com/watch?v=XQF-dpZiWLA,-,https://bsaber.com/songs/b239/,https://bsaber.com/tag/aaltopahwi,5.80,147.0,127.9300,,,,
,,9,Reol ‚Äì Utena,J-Pop,Trap,https://www.youtube.com/watch?v=aCT5mClB3yM,360 DEGREE,https://bsaber.com/songs/b24b/,https://bsaber.com/tag/pixelguymm,7.20,197.0,160.0100,,,,
,,10,[Bloq Busters Vol. 4] Eric Johnson ‚Äì Cliffs of Dover,Rock,Hard Rock,https://www.youtube.com/watch?v=Wp6PL3tvTGc,-,https://bsaber.com/songs/b18a/,https://bsaber.com/tag/checkthepan,4.71,107.5,142.9869,190,,,
,,11,Ridin‚Äô ‚Äì Fise,Electronic,Deathstep,https://www.youtube.com/watch?v=gwd8Km5Kit0,-,https://bsaber.com/songs/b3a0/,https://bsaber.com/tag/rexxz,9.00,112.5,230.0000,,,,
,,12,Love With You (TV Size) [Kishuku Gakkou no Juliet Opening] ‚Äì fripSide,J-Pop,Anime,https://www.youtube.com/watch?v=-gcfbx525Os,"ANIME, J-POP",https://bsaber.com/songs/b22a/,https://bsaber.com/tag/joetastic,3.60,114.5,171.1200,,,,
,,13,U.A.D ‚Äì HAYAKO,Electronic,Electro,https://www.youtube.com/watch?v=0DNPUcnEMJs,-,https://bsaber.com/songs/b196/,https://bsaber.com/tag/ejiejidayo,4.43,129.5,171.9900,130,,,
,,14,Throwing a Flashbang,Meme,Meme,https://www.youtube.com/watch?v=UMMtMQh66jE,"MEME, VIDEO GAME",https://bsaber.com/songs/b361/,https://bsaber.com/tag/joetastic,23.50,131.0,184.3300,,,,
,,15,Realize ‚Äì Suzuki Konomi (zero kara hajimeru isekai seikatsu saison 2 op)TV size,J-Pop,Anime,https://www.youtube.com/watch?v=gzfgBccN99U,-,https://bsaber.com/songs/b1b3/,https://bsaber.com/tag/emir,3.29,102.5,212.4600,,,,
,,16,The surrounding people around (Ï£ºÎ≥ÄÏù∏) ‚Äì Outsider,Hip Hop,Japanese,https://www.youtube.com/watch?v=tfdmvZ86IaE,-,https://bsaber.com/songs/b230/,https://bsaber.com/tag/emir,4.60,130.5,128.5100,,,,
,,17,Elle King ‚Äì Ex‚Äôs And Oh‚Äôs,Pop,Indie,https://www.youtube.com/watch?v=0uLI6BnVh6w,-,https://bsaber.com/songs/b33f/,https://bsaber.com/tag/sanguine143panda,5.33,105.5,155.3500,,,,
,,18,Uragirimono no Requiem (TV Size) [JoJo‚Äôs Bizarre Adventure: Golden Wind 2nd Opening] ‚Äì Daisuke Hasegawa,J-Pop,Anime,https://www.youtube.com/watch?v=5AHpgQbiIsQ,"ANIME, J-POP",https://bsaber.com/songs/b3a2/,https://bsaber.com/tag/joetastic,11.00,115.0,143.9069,,,,
,,19,JoJo‚Äôs Bizarre Adventure Opening Compilation,J-Pop,Anime,https://www.youtube.com/watch?v=S6k4hcWSX94,"ANIME, J-POP",https://bsaber.com/songs/b3bd/,https://bsaber.com/tag/joetastic,33.00,88.0,132.9200,,,,
,,20,[TD4L] Teen Titans Theme Song [Z-ANESaber],TV/Movies,Rock,https://www.youtube.com/watch?v=yL75mtNZ6PA,-,https://bsaber.com/songs/b17f/,https://bsaber.com/tag/z-anesaber,2.14,110.5,165.1869,,,,
3,06-24-2020,1,[[Wall Show + Chroma]] GAS GAS GAS | Manuel,Electronic,Eurobeat,https://www.youtube.com/watch?v=atuFSv2bLa8,-,https://bsaber.com/songs/b514/,https://bsaber.com/tag/thelightdesigner,48.00,154.5,149.0700,,,,
,,2,Diana Ross ‚Äì I‚Äôm Coming Out,Pop,Motown,https://www.youtube.com/watch?v=zbYcte4ZEgQ,-,https://bsaber.com/songs/b50a/,https://bsaber.com/tag/ryger,19.00,83.0,105.8900,,,,
,,3,"Like A Riddle ‚Äì Felix Jaehn (feat. Hearts & Colors, Adam Trigger)",Pop,EDM,https://www.youtube.com/watch?v=iI5xWmeV_dw,-,https://bsaber.com/songs/b451/,https://bsaber.com/tag/teuflum,6.50,110.5,221.4000,,,,
,,4,Mogli ‚Äì WinterSun (Neelix Remix),Electronic,Trance,https://www.youtube.com/watch?v=DHADDyC5kC4,-,https://bsaber.com/songs/b37d/,https://bsaber.com/tag/happyglt,3.43,140.0,140.0000,,,,
,,5,Semi Transparent Boy ‚Äì Yorushika / Ê∫ñÈÄèÊòéÂ∞ëÂπ¥ ‚Äì „É®„É´„Ç∑„Ç´,J-Pop,Alternative,https://www.youtube.com/watch?v=9ypEFXTakV8,-,https://bsaber.com/songs/b4ac/,https://bsaber.com/tag/kamy,8.00,97.5,197.5300,,,,
,,6,MAHO Dou ‚Äì Ojamajo Carnival!!/„Åä„Ç∏„É£È≠îÂ•≥„Ç´„Éº„Éã„Éê„É´!! Covered by Tokino Sora √ó Tenjin Kotone,J-Pop,Anime,https://www.youtube.com/watch?v=7w3jBGX7UcY,-,https://bsaber.com/songs/b3ff/,https://bsaber.com/tag/fefy,4.00,197.0,142.4600,,,,
,,7,Kienai Kioku,J-Pop,Vocaloid,https://www.youtube.com/watch?v=OXSO_bQUQS0,-,https://bsaber.com/songs/b3fc/,https://bsaber.com/tag/katsuya,3.33,140.5,70.0800,,,,
,,8,Blues Traveler ‚Äì Hook,Rock,Indie,https://www.youtube.com/watch?v=pdz5kCaCRFM,-,https://bsaber.com/songs/b3da/,https://bsaber.com/tag/majorpickle,3.33,83.0,83.9600,,,,
,,9,Perfectarea complete,J-Pop,Eurobeat,https://www.youtube.com/watch?v=_4lNiafQ-Pk,-,https://bsaber.com/songs/b475/,https://bsaber.com/tag/kanahebi255,4.75,91.5,182.9200,,,,
,,10,Flyers [Death Parade Opening] ‚Äì AmaLee,Pop,Anime,https://www.youtube.com/watch?v=yH0weQhzLvI,"ANIME, POP",https://bsaber.com/songs/b401/,https://bsaber.com/tag/joetastic,3.17,139.5,141.4300,,,,
,,11,[V2] Im. Scatman feat. Shirakami Fubuki ‚Äì Hamburgaga,J-Pop,Meme,https://www.youtube.com/watch?v=VaqLk1YCv-s,-,https://bsaber.com/songs/b45a/,https://bsaber.com/tag/idlebob,6.50,121.5,143.5069,,,,
,,12,Ridin‚Äô ‚Äì Fise,Electronic,Deathstep,https://www.youtube.com/watch?v=gwd8Km5Kit0,-,https://bsaber.com/songs/b3a0/,https://bsaber.com/tag/rexxz,2.57,112.5,230.0000,,,,
,,13,Reol ‚Äì Bon-no-yu-gi,J-Pop,Trap,https://www.youtube.com/watch?v=dhJrQPgedyU,360 DEGREE,https://bsaber.com/songs/b5a5/,https://bsaber.com/tag/pixelguymm,36.00,100.0,100.0000,,,,
,,14,For me,Electronic,Dance,https://www.youtube.com/watch?v=jIMfrJd78jw,-,https://bsaber.com/songs/b50d/,https://bsaber.com/tag/supremetax,8.50,124.0,125.8500,,,,
,,15,Dance! ‚Äì Persona 4 Dancing All Night,Pop,Jazz,https://www.youtube.com/watch?v=p3jw89oIjmQ,-,https://bsaber.com/songs/b521/,https://bsaber.com/tag/iraky,12.00,135.0,134.6100,,,,
,,16,JoJo‚Äôs Bizarre Adventure Opening Compilation,J-Pop,Anime,https://www.youtube.com/watch?v=rA4eesTbNKE,"ANIME, J-POP",https://bsaber.com/songs/b3bd/,https://bsaber.com/tag/joetastic,5.83,137.0,132.9100,,,,
,,17,Best Part ‚Äì The Score,Rock,Alternative,https://www.youtube.com/watch?v=GXDNMinUPXc,-,https://bsaber.com/songs/b4ab/,https://bsaber.com/tag/downycat,5.33,82.5,106.6900,,,,
,,18,Blue Stahli ‚Äì Awaken,Electronic,Heavy EDM,https://www.youtube.com/watch?v=xMdOgCdHxjY,-,https://bsaber.com/songs/b3d4/,https://bsaber.com/tag/cyrix,2.67,80.0,107.0000,,,,
,,19,Primary | GLORIOUS DAYS | Chroma RGB,J-Pop,Alternative,https://www.youtube.com/watch?v=6y1zJX2oe8A,-,https://bsaber.com/songs/b46b/,https://bsaber.com/tag/aaltopahwi,4.00,109.5,83.4200,,,,
,,20,Uragirimono no Requiem (TV Size) [JoJo‚Äôs Bizarre Adventure: Golden Wind 2nd Opening] ‚Äì Daisuke Hasegawa,J-Pop,Anime,https://www.youtube.com/watch?v=fqBNnC_apV4,"ANIME, J-POP",https://bsaber.com/songs/b3a2/,https://bsaber.com/tag/joetastic,3.14,172.0,167.6100,,,,
,,21,Tom Petty The Heartbreakers ‚Äì Don‚Äôt Do Me Like That,Rock,Classic Rock,https://www.youtube.com/watch?v=T1aU1wbFSTs,-,https://bsaber.com/songs/b4e7/,https://bsaber.com/tag/majorpickle,5.67,115.5,117.2000,,,,
,,22,Bonk Bonk Bonk Bonk,Latin,Reggaeton,https://www.youtube.com/watch?v=R6Lc3PvBiS8,-,https://bsaber.com/songs/b4f2/,https://bsaber.com/tag/dennileon1,-2.33,118.5,231.4500,,,,
4,06-30-2020,1,[[Wall Show + Chroma]] GAS GAS GAS | Manuel,Electronic,Eurobeat,https://www.youtube.com/watch?v=_6R3J-cEbSU,"ANIME, ELECTRONIC, EUROBEAT",https://bsaber.com/songs/b514/,https://bsaber.com/tag/thelightdesigner,96.60,101.5,77.0600,,This one is the same as last week,,
,,2,No Rain ‚Äì Blind Melon,Rock,Indie,https://www.youtube.com/watch?v=3qVPNONdF58,"360 DEGREE, 90 DEGREE",https://bsaber.com/songs/b7b1/,https://bsaber.com/tag/techbutterfly,34.00,111.0,75.0300,,,,
,,3,Powerwolf ‚Äì Venom of Venus,Rock,Metal,https://www.youtube.com/watch?v=Wna4zDioxQw,-,https://bsaber.com/songs/b7aa/,https://bsaber.com/tag/cyrix,39.50,82.5,158.3600,,,,
,,4,Hare Hare Yukai (Short Ver.) [The Melancholy of Haruhi Suzumiya Ending],J-Pop,Anime,https://www.youtube.com/watch?v=x2iKC0C32-g,"ANIME, DANCE, J-POP, JAPANESE",https://bsaber.com/songs/b784/,https://bsaber.com/tag/etan,20.67,115.5,171.9900,,,,
,,5,Falling ‚Äì Dropgun x Asketa & Natan Chaim,Electronic,House,https://www.youtube.com/watch?v=P3sutvBPERY,-,https://bsaber.com/songs/b724/,https://bsaber.com/tag/teuflum,18.00,126.5,63.0000,,,,
,,6,Bryan Adams ‚Äì Summer of 69,Rock,Classic Rock,https://www.youtube.com/watch?v=eFjjO_lhf9c,-,https://bsaber.com/songs/b7d6/,https://bsaber.com/tag/majorpickle,22.50,139.0,142.8800,,,,
,,7,Reol ‚Äì Bon-no-yu-gi,J-Pop,Trap,https://www.youtube.com/watch?v=dhJrQPgedyU,"360 DEGREE, J-POP, JAPANESE",https://bsaber.com/songs/b5a5/,https://bsaber.com/tag/pixelguymm,6.67,100.0,100.0000,,,,
,,8,Sakuranbo ‚Äì Otsuka Ai,J-Pop,Indie,https://www.youtube.com/watch?v=upODO6OuOOk,-,https://bsaber.com/songs/b5ff/,https://bsaber.com/tag/emir,4.86,85.0,85.2200,,,,
,,9,PSYQUI feat. Such ‚Äì Eyes On Me,Electronic,Drumstep,https://www.youtube.com/watch?v=i4w65eoL6PA,-,https://bsaber.com/songs/b7ea/,https://bsaber.com/tag/xhera,15.50,84.0,168.0000,,,,
,,10,Minami -„Äå Amewomatsu„ÄÅ„ÄçÁæéÊ≥¢„Äå„Ç¢„É°„É≤„Éû„ÉÑ„ÄÅ„Äç,J-Pop,Alternative,https://www.youtube.com/watch?v=766qmHTc2ro,-,https://bsaber.com/songs/b80b/,https://bsaber.com/tag/smileeaglet,31.00,150.5,158.6300,,,,
,,11,Kaerimichi [22/7 Soundtrack] ‚Äì Sakura Fujima,J-Pop,Eurobeat,https://www.youtube.com/watch?v=Jhuf1bP61A4,"ANIME, J-POP, SOUNDTRACK",https://bsaber.com/songs/b6ad/,https://bsaber.com/tag/joetastic,5.40,176.0,87.5000,,,,
,,12,"My Soul, Your Beats! [iDOLM@STER Soundtrack] ‚Äì Chieri Ogata",J-Pop,Anime,https://www.youtube.com/watch?v=zIFV8UUs1-c,"ANIME, J-POP, SOUNDTRACK",https://bsaber.com/songs/b5fb/,https://bsaber.com/tag/joetastic,5.14,145.5,145.0300,,,,
,,13,Different Heaven ‚Äì Nekozilla,Electronic,Dance,https://www.youtube.com/watch?v=6FNHe3kf8_s,-,https://bsaber.com/songs/b5f4/,https://bsaber.com/tag/exeiron,3.71,128.5,127.4400,,,,
,,14,staple stable [22/7 Soundtrack] ‚Äì Miu Takigawa,J-Pop,Anime,https://www.youtube.com/watch?v=OvmQvOucP70,"ANIME, J-POP, SOUNDTRACK",https://bsaber.com/songs/b60a/,https://bsaber.com/tag/joetastic,3.83,122.5,121.9800,,,,
,,15,Help Is On The Way ‚Äì Rise Against,Rock,Alternative,https://www.youtube.com/watch?v=JHiqGqoIGII,"ALTERNATIVE, PUNK, ROCK",https://bsaber.com/songs/b7a4/,https://bsaber.com/tag/joetastic,19.00,108.5,213.0700,,,,
,,16,Superhuman (Nightcore),Electronic,Nightcore,https://www.youtube.com/watch?v=2Uj9OYv3pdI,-,https://bsaber.com/songs/b781/,https://bsaber.com/tag/tranch,10.00,161.5,165.2300,,,,
,,17,"Lost Princess (TV Size) [Princess Connect! Re:Dive Opening] ‚Äì Pecorine (CV: Mao Ichimichi), Kokkoro (CV: Milku Itou), Kiruya (CV: Rika Tachibana)",J-Pop,Anime,https://www.youtube.com/watch?v=ZK7TS7-qMEg,"ANIME, J-POP",https://bsaber.com/songs/b71d/,https://bsaber.com/tag/joetastic,5.00,105.0,74.3500,,,,
,,18,PREPARING THE KRABBY PATTY,TV/Movies,Meme,https://www.youtube.com/watch?v=DZ-VT50SgUo,-,https://bsaber.com/songs/b662/,https://bsaber.com/tag/jokidum,3.80,99.0,140.1769,,,,
,,19,Departure! (TV Size) [Hunter X Hunter ‚Äì Opening 1] ‚Äì Masatoshi Ono,J-Pop,Anime,https://www.youtube.com/watch?v=faqmNf_fZlE,-,https://bsaber.com/songs/b6c8/,https://bsaber.com/tag/rigid,4.75,107.0,151.9700,,,,
,,20,PoPiPo feat. Hatsune Miku ‚Äì LamazeP,J-Pop,Vocaloid,https://www.youtube.com/watch?v=_Sp2ir7oFYc,-,https://bsaber.com/songs/b7a6/,https://bsaber.com/tag/idlebob,16.50,150.5,150.0000,,,,
5,07-10-2020,1,ryo(supercell) ‚Äì World is Mine/„ÉØ„Éº„É´„Éâ„Ç§„Ç∫„Éû„Ç§„É≥ ‚Äì feat. Hatsune Miku,J-Pop,Vocaloid,https://www.youtube.com/watch?v=NY__VTIUsiU,-,https://bsaber.com/songs/b95f/,https://bsaber.com/tag/fefy,8.17,132.5,165.0000,,,,
,,2,Everyday ‚Äì Virtual Riot,Electronic,LoFi,https://www.youtube.com/watch?v=C_cQ3zpX-VU,-,https://bsaber.com/songs/bbf5/,https://bsaber.com/tag/wemadethis,23.00,160.5,80.0000,,,,
,,3,Summer in the City ‚Äì Styx,Rock,Hard Rock,https://www.youtube.com/watch?v=RevG_97TgnA,"360 DEGREE, 90 DEGREE",https://bsaber.com/songs/b937/,https://bsaber.com/tag/techbutterfly,6.00,107.0,214.6500,,,,
,,4,Dr Meaker ‚Äì Freaks (ft. Cappo D & Sharlene Hector),Electronic,DnB,https://www.youtube.com/watch?v=Q-7JsAmSnEY,-,https://bsaber.com/songs/b96a/,https://bsaber.com/tag/pkdan,7.00,88.0,174.2000,,,,
,,5,David Bowie ‚Äì Magic Dance (from Labyrinth OST),Rock,Classic Rock,https://www.youtube.com/watch?v=j6NqnYYmSVE,-,https://bsaber.com/songs/b989/,https://bsaber.com/tag/noxn,5.33,106.0,105.8400,,,,
,,6,GHOST DATA ‚Äì PROJEKT MELODY (ft. AL!CE),Electronic,Drumstep,https://www.youtube.com/watch?v=mqoEplBvXkI,-,https://bsaber.com/songs/b97f/,https://bsaber.com/tag/nitronikexe,8.00,161.0,120.0000,,,,
,,7,Centimeter (kanojo okarishimasu [Rental Girlfriend] op),J-Pop,Anime,https://www.youtube.com/watch?v=qks-E01OR24,-,https://bsaber.com/songs/b928/,https://bsaber.com/tag/emir,4.14,140.5,63.9800,,,,
,,8,You Are Mine ft Kayliana ‚Äì S3RL,Electronic,Dance,https://www.youtube.com/watch?v=FF3Dr3_h0Hw,"DANCE, EDM, HARDCORE",https://bsaber.com/songs/bba4/,https://bsaber.com/tag/xscaramouche,19.00,138.5,175.0000,,,,
,,9,Renai Circulation [22/7 Soundtrack] ‚Äì Ayaka Tachikawa,J-Pop,Anime,https://www.youtube.com/watch?v=lv8qOhDx6Yo,"ANIME, J-POP, SOUNDTRACK",https://bsaber.com/songs/bb96/,https://bsaber.com/tag/joetastic,18.50,142.5,60.0000,,,,
,,10,Fruit Ninja in Beat Saber!,Video Game,Meme,https://www.youtube.com/watch?v=OmyMGSu-Wgg,-,https://bsaber.com/songs/bb27/,https://bsaber.com/tag/nitronikexe,19.00,116.5,156.5800,,,,
,,11,Aurora ‚Äì Synthion,J-Pop,Eurobeat,https://www.youtube.com/watch?v=R2rjsTQEXWg,-,https://bsaber.com/songs/b95d/,https://bsaber.com/tag/meezonugget,5.33,88.0,87.4900,,,,
,,12,Takahashi Youko ‚Äì A Cruel Angel‚Äôs Thesis/ÊÆãÈÖ∑„Å™Â§©‰Ωø„ÅÆ„ÉÜ„Éº„Çº ‚Äì Nightcore,J-Pop,Nightcore,https://www.youtube.com/watch?v=4Q4LGphbE60,-,https://bsaber.com/songs/b95e/,https://bsaber.com/tag/fefy,5.33,148.0,147.2200,,,,
,,13,JVNA ‚Äì Catch Me (Chroma RGB lights),Pop,EDM,https://www.youtube.com/watch?v=Nyiwp349c2o,ELECTRONIC,https://bsaber.com/songs/bc4e/,https://bsaber.com/tag/nitronikexe,45.00,150.5,151.0100,,,,
,,14,Fleetwood Mac ‚Äì Hold Me,Rock,Classic Rock,https://www.youtube.com/watch?v=E0sha1XfHxw,-,https://bsaber.com/songs/bbd1/,https://bsaber.com/tag/majorpickle,11.00,126.5,128.8400,,,,
,,15,Get Up ‚Äì Tokyo Machine,Electronic,Drumstep,https://www.youtube.com/watch?v=ExEAKQDz0E8,-,https://bsaber.com/songs/ba25/,https://bsaber.com/tag/mx20100,5.50,128.5,128.0600,,,,
,,16,"MY FIRST STORY ‚Äì 1,000,000 TIMES feat. chelly (EGOIST)",J-Pop,Alternative,https://www.youtube.com/watch?v=OMrkUUNvM48,-,https://bsaber.com/songs/ba93/,https://bsaber.com/tag/smileeaglet,5.25,134.0,99.9800,,,,
,,17,üå†Starrideüå†- Mysteka,Electronic,Drumstep,https://www.youtube.com/watch?v=DsZdx9E0-1s,-,https://bsaber.com/songs/b9bd/,https://bsaber.com/tag/ryger,5.40,113.5,171.0400,,,,
,,18,Hollowness ‚Äì Minami,J-Pop,Indie,https://www.youtube.com/watch?v=HIRiduzNLzQ,-,https://bsaber.com/songs/bc84/,https://bsaber.com/tag/tootie,20.73,103.0,205.0600,,,,
,,19,R.O.C.K. in the USA ‚Äì John Mellencamp,Pop,Classic Rock,https://www.youtube.com/watch?v=SgtmStUrXMQ,90 DEGREE,https://bsaber.com/songs/b993/,https://bsaber.com/tag/techbutterfly,3.17,81.0,80.1700,,,,
,,20,The Nights ‚Äì Avicii,Electronic,EDM,https://www.youtube.com/watch?v=UtF6Jej8yb4,-,https://bsaber.com/songs/b94a/,https://bsaber.com/tag/thelightdesigner,4.43,127.0,126.0000,,,,
6,07-13-2020,1,That‚Äôs Life ‚Äì Frank Sinatra,Pop,Jazz,https://www.youtube.com/watch?v=TnlPtaPxXfc,"360 DEGREE, 90 DEGREE",https://bsaber.com/songs/bdc7/,https://bsaber.com/tag/techbutterfly,37.50,150.5,75.5700,,,,
,,2,Never Gonna Give You Up (Well Mapped+Timed Version),Pop,Classic Pop,https://www.youtube.com/watch?v=dQw4w9WgXcQ,-,https://bsaber.com/songs/bd45/,https://bsaber.com/tag/thelightdesigner,27.00,114.0,113.5700,,,,
,,3,Everyday ‚Äì Virtual Riot,Electronic,LoFi,https://www.youtube.com/watch?v=C_cQ3zpX-VU,-,https://bsaber.com/songs/bbf5/,https://bsaber.com/tag/wemadethis,9.20,160.5,80.0000,,,,
,,4,Fireflies ‚Äì Owl City,Pop,Indie,https://www.youtube.com/watch?v=psuRGfAaju4,-,https://bsaber.com/songs/bd41/,https://bsaber.com/tag/tranch,18.67,120.5,181.4100,,,,
,,5,Portal 2 ‚Äì Turret Opera / Cara Mia Addio,Video Game,Vocaloid,https://www.youtube.com/watch?v=tL_TFXbSnLY,-,https://bsaber.com/songs/bd23/,https://bsaber.com/tag/jokidum,16.33,,102.0100,,,,
,,6,Kuchibairo no Oto,J-Pop,Ballad,https://www.youtube.com/watch?v=CYIntGsjNMs,-,https://bsaber.com/songs/be25/,https://bsaber.com/tag/emir,16.00,100.5,66.6700,,,,
,,7,Kurenai [Taiko no Tatsujin Soundtrack] ‚Äì X Japan,Video Game,Alternative,https://www.youtube.com/watch?v=wa1nD_IwbkA,-,https://bsaber.com/songs/bca5/,https://bsaber.com/tag/joetastic,7.25,158.0,67.9900,,,,
,,8,You Are Mine ft Kayliana ‚Äì S3RL,Electronic,Dance,https://www.youtube.com/watch?v=FF3Dr3_h0Hw,"DANCE, EDM, HARDCORE",https://bsaber.com/songs/bba4/,https://bsaber.com/tag/xscaramouche,6.33,138.5,175.0000,,,,
,,9,Renai Circulation [22/7 Soundtrack] ‚Äì Ayaka Tachikawa,J-Pop,Anime,https://www.youtube.com/watch?v=lv8qOhDx6Yo,"ANIME, J-POP, SOUNDTRACK",https://bsaber.com/songs/bb96/,https://bsaber.com/tag/joetastic,6.17,142.5,60.0000,,,,
,,10,Fruit Ninja in Beat Saber!,Video Game,Meme,https://www.youtube.com/watch?v=OmyMGSu-Wgg,-,https://bsaber.com/songs/bb27/,https://bsaber.com/tag/nitronikexe,9.50,116.5,156.5800,,,,
,,11,JVNA ‚Äì Catch Me (Chroma RGB lights),Pop,EDM,https://www.youtube.com/watch?v=g9iPElq4qW4,ELECTRONIC,https://bsaber.com/songs/bc4e/,https://bsaber.com/tag/nitronikexe,11.25,151.0,151.0100,,,,
,,12,Fleetwood Mac ‚Äì Hold Me,Rock,Classic Rock,https://www.youtube.com/watch?v=E0sha1XfHxw,-,https://bsaber.com/songs/bbd1/,https://bsaber.com/tag/majorpickle,4.40,126.5,128.8400,,,,
,,13,ANIMA (TV Size) [Sword Art Online: Alicization ‚Äì War of Underworld Part 2 Opening] ‚Äì ReoNa,J-Pop,Anime,https://www.youtube.com/watch?v=ISV28NbBDlc,"ANIME, J-POP",https://bsaber.com/songs/bdac/,https://bsaber.com/tag/joetastic,14.50,175.0,193.5200,,,,
,,14,Hollowness ‚Äì Minami,J-Pop,Indie,https://www.youtube.com/watch?v=HIRiduzNLzQ,-,https://bsaber.com/songs/bc84/,https://bsaber.com/tag/tootie,5.25,103.0,205.0600,,,,
,,15,–¥–æ—Ä–∞ ‚Äì –î–æ—Ä–∞–¥—É—Ä–∞ (Doradura),Pop,Indie,https://www.youtube.com/watch?v=WNadEfGnV04,-,https://bsaber.com/songs/bdfc/,https://bsaber.com/tag/kaleeidoscope,10.50,97.0,222.2900,,,,
,,16,Aether and Light,Electronic,Drumstep,https://www.youtube.com/watch?v=87eOiQeqNfQ,-,https://bsaber.com/songs/bd63/,https://bsaber.com/tag/lespookyboi,9.33,100.5,210.7300,,,,
,,17,„Éè„É≠„Éè„ÉØ„É¶ ‚Äì Hello how are you ‚Äì „Éä„Éé„Ç¶ ‚Äì feat.Hatsune Miku,J-Pop,Vocaloid,https://www.youtube.com/watch?v=yUi0gX3fUbw,-,https://bsaber.com/songs/be21/,https://bsaber.com/tag/tons%20gaming%20channel,10.00,99.5,190.0100,,,,
,,18,Moe Shop ‚Äì WWW (feat. EDOGA-SULLIVAN) VS Map,Electronic,Japanese,https://www.youtube.com/watch?v=68UlL5Op9q4,-,https://bsaber.com/songs/bea4/,https://bsaber.com/tag/kikaeaeon,19.00,135.5,135.3700,,,,
,,19,Ayase | Last Resort | Ft. Ado,Electronic,Japanese,https://www.youtube.com/watch?v=slcfa-0urok,-,https://bsaber.com/songs/bc99/,https://bsaber.com/tag/aaltopahwi,4.50,124.5,124.0800,,,,
,,20,Akiyama Uni ‚Äì Odoru Mizushibuki / „ÅÇ„Åç„ÇÑ„Åæ „ÅÜ„Å´ ‚Äì Ë∏ä„ÇãÊ∞¥È£õÊ≤´,Video Game,Japanese,https://www.youtube.com/watch?v=dJF6mmZ5J9Y,-,https://bsaber.com/songs/bc34/,https://bsaber.com/tag/xace1337manx,4.60,139.0,140.1000,,,,
7,07-20-2020,1,Rameses B ‚Äì Children,Electronic,DnB,https://www.youtube.com/watch?v=tYEnkD_hPB4,-,https://bsaber.com/songs/c072/,https://bsaber.com/tag/pkdan,9.40,174.5,175.0200,,,,
,,2,The Clash ‚Äì Rock the Casbah,Rock,Classic Rock,https://www.youtube.com/watch?v=bJ9r8LMU9bQ,-,https://bsaber.com/songs/c269/,https://bsaber.com/tag/ryger,21.50,130.0,64.0700,,,,
,,3,Jigsaw Puzzle ‚Äì mafumafu,J-Pop,Alternative,https://www.youtube.com/watch?v=6RueqJzQQ78,-,https://bsaber.com/songs/c327/,https://bsaber.com/tag/siro,35.48,86.0,172.0700,,,,
,,4,DANCE! VR DANCE! ‚Äì KurageP,J-Pop,Alternative,https://www.youtube.com/watch?v=-PgwpwD_WIc,-,https://bsaber.com/songs/bec5/,https://bsaber.com/tag/monteblanco,4.29,107.0,106.6200,,,,
,,5,Pegboard Nerds ‚Äì Rhythm Is A Dancer (ft. Tia Simone),Electronic,Eurobeat,https://www.youtube.com/watch?v=oOMWyXPWycI,-,https://bsaber.com/songs/c213/,https://bsaber.com/tag/nitronikexe,18.67,128.0,127.9900,,,,
,,6,The Foundations ‚Äì Build Me Up Buttercup,Rock,Classic Rock,https://www.youtube.com/watch?v=CCED4g1dMTQ,-,https://bsaber.com/songs/c25c/,https://bsaber.com/tag/majorpickle,14.50,135.0,215.3300,,,,
,,7,Can‚Äôt Take My Eyes Off Of You ‚Äì Frankie Valli,Pop,Classic Pop,https://www.youtube.com/watch?v=J36z7AnhvOM,90 DEGREE,https://bsaber.com/songs/c306/,https://bsaber.com/tag/techbutterfly,38.00,118.5,125.0100,,,,
,,8,Voice (TV Size) [Chuunibyou demo Koi ga Shitai! Ren Opening] ‚Äì ZAQ,J-Pop,Anime,https://www.youtube.com/watch?v=QUnT3Hw7gEo,"ANIME, J-POP",https://bsaber.com/songs/bf04/,https://bsaber.com/tag/joetastic,4.67,123.0,172.2569,,,,
,,9,Boom Clap ‚Äì Charli XCX,Pop,Alternative,https://www.youtube.com/watch?v=AOPMlIIg_38,"ELECTROPOP, POP",https://bsaber.com/songs/c345/,https://bsaber.com/tag/novashaft,32.84,92.5,91.9700,,,,
,,10,[Alphabeat ‚Äì Pegboard Nerds Pack] Pegboard Nerds ‚Äì Luigi‚Äôs Mansion,Electronic,Dubstep,https://www.youtube.com/watch?v=haas3N9vxsM,"360 DEGREE, 90 DEGREE",https://bsaber.com/songs/c209/,https://bsaber.com/tag/rayman9515,8.67,193.0,147.9800,,,,
,,11,Last Of Me [Arknights Soundtrack] ‚Äì Steve Aoki ft. RUNN,Video Game,EDM,https://www.youtube.com/watch?v=XJwhQ_9MFuA,"ELECTRONIC, VIDEO GAME",https://bsaber.com/songs/c157/,https://bsaber.com/tag/joetastic,6.25,132.0,63.9900,,,,
,,12,kz-livetune ‚Äì Tell Your World ‚Äì feat. Hatsune Miku,J-Pop,Vocaloid,https://www.youtube.com/watch?v=PqJNc9KVIZE,-,https://bsaber.com/songs/c1fb/,https://bsaber.com/tag/fefy,11.00,120.5,150.0400,,,,
,,13,[Alphabeat ‚Äì Pegboard Nerds Pack] Pegboard Nerds ‚Äì Disconnected,Electronic,EDM,https://www.youtube.com/watch?v=MwSkC85TDgY,-,https://bsaber.com/songs/c208/,https://bsaber.com/tag/timeweaver,11.00,128.5,124.3000,,,,
,,14,[Alphabeat ‚Äì Pegboard Nerds Pack] Pegboard Nerds ‚Äì Gunslinga,Electronic,Reggae,https://www.youtube.com/watch?v=vIaPWxMPhug,"360 DEGREE, 90 DEGREE",https://bsaber.com/songs/c205/,https://bsaber.com/tag/rayman9515,8.00,86.0,174.0600,,,,
,,15,Monster [Arknights Soundtrack] ‚Äì Starset,Rock,Alternative,https://www.youtube.com/watch?v=Bq6IuZIJhuI,"PROGRESSIVE, ROCK, VIDEO GAME",https://bsaber.com/songs/c29a/,https://bsaber.com/tag/joetastic,20.00,192.5,194.9800,,,,
,,16,Michael Jackson ‚Äì Off the Wall,Pop,Disco,https://www.youtube.com/watch?v=B3MFbhwfEXU,-,https://bsaber.com/songs/c083/,https://bsaber.com/tag/ryger,4.60,119.0,115.8600,,,,
,,17,ShinRa-Bansho | Maids Heart Is A Puppet (Chroma RGB),Electronic,Japanese,https://www.youtube.com/watch?v=4DtIj9AJG2E,-,https://bsaber.com/songs/c002/,https://bsaber.com/tag/aaltopahwi,6.00,128.5,127.2600,,,,
,,18,Get It Right ‚Äì Left Boy,Hip Hop,DnB,https://www.youtube.com/watch?v=rmhprK9fJiw,-,https://bsaber.com/songs/c218/,https://bsaber.com/tag/johnnydee,7.00,135.0,172.3600,,,,
,,19,Apashe ‚Äì I‚Äôm A Dragon (ft. Sway),Hip Hop,Electro,https://www.youtube.com/watch?v=FZs3MbhE8_g,-,https://bsaber.com/songs/c08c/,https://bsaber.com/tag/nitronikexe,7.00,146.0,145.0000,,,,
8,07-29-2020,1,Jackpot The Fat Rat,Electronic,EDM,https://www.youtube.com/watch?v=kL8CyVqzmkc,-,https://bsaber.com/songs/c3bb/,https://bsaber.com/tag/aqu,25.71,103.5,206.0200,,,,
,,2,Blinding Lights ‚Äì The Weeknd,Pop,Synthwave,https://www.youtube.com/watch?v=4NRXx6U8ABQ,"ELECTRONIC, R&B, SYNTHPOP, SYNTHWAVE",https://bsaber.com/songs/7d04/,https://bsaber.com/tag/xcheesy,1332.00,120.5,191.7300,,,,
,,3,Everyday ‚Äì Virtual Riot,Electronic,LoFi,https://www.youtube.com/watch?v=C_cQ3zpX-VU,-,https://bsaber.com/songs/bbf5/,https://bsaber.com/tag/wemadethis,194.00,160.5,80.0000,,,,
,,4,Rockefeller Street (EightOEight Hardstyle Remix),Electronic,Hardstyle,https://www.youtube.com/watch?v=aJUdXp-xlM8,-,https://bsaber.com/songs/c996/,https://bsaber.com/tag/dyprax83,42.00,162.5,163.0100,,,,
,,5,Save Us From Ourselves [Arknights Soundtrack] ‚Äì Bear Grillz ft. Micah Martin,Electronic,Dubstep,https://www.youtube.com/watch?v=pK7MKtDJdQM,"DUBSTEP, ELECTRONIC, VIDEO GAME",https://bsaber.com/songs/c841/,https://bsaber.com/tag/joetastic,6.00,119.5,74.9400,,,,
,,6,I want You ~Î∞òÏßù‚òÖÎ∞òÏßù Sunshine~ DJMAX,Electronic,Japanese,https://www.youtube.com/watch?v=MJNeTD4YqrI,-,https://bsaber.com/songs/c873/,https://bsaber.com/tag/mystikmol,8.00,82.5,82.5000,,,,
,,7,Digital Girl ‚Äì KIRA,Electronic,Vocaloid,https://www.youtube.com/watch?v=_fC4gB841VI,-,https://bsaber.com/songs/c643/,https://bsaber.com/tag/skeelie,5.57,103.5,207.8200,,,,
,,8,Ding Dong Song ‚Äì G√ºnther & The Sunshine Girls,Electronic,Eurobeat,https://www.youtube.com/watch?v=iPrnduGtgmc,-,https://bsaber.com/songs/c6d3/,https://bsaber.com/tag/teuflum,6.20,132.5,132.0000,,,,
,,9,Aoi Haru,J-Pop,Alternative,https://www.youtube.com/watch?v=0QWD7FGBNfs,-,https://bsaber.com/songs/c8b6/,https://bsaber.com/tag/epg7ens,7.33,181.0,181.6000,,,,
,,10,Tuesday (feat. Danelle Sandoval) | Burak Yeter,Electronic,EDM,https://www.youtube.com/watch?v=Y1_VsyLAGuk,-,https://bsaber.com/songs/c7e9/,https://bsaber.com/tag/thelightdesigner,5.50,99.5,99.0000,,,,
,,11,Takin‚Äô It To The Streets ‚Äì The Doobie Brothers,Rock,Classic Rock,https://www.youtube.com/watch?v=2rxWPEdYCnI,"360 DEGREE, 90 DEGREE",https://bsaber.com/songs/c694/,https://bsaber.com/tag/techbutterfly,3.67,140.0,73.3000,,,,
,,12,Nothing For Free ‚Äì Pendulum,Rock,Alternative,https://www.youtube.com/watch?v=LacUWoDycT8,-,https://bsaber.com/songs/c65b/,https://bsaber.com/tag/downycat,5.00,80.0,156.0800,,,,
,,13,Aiobahn and Yunomi feat nicamoq ‚Äì Makuramoto ni Ghost Katomori Remix,J-Pop,EDM,https://www.youtube.com/watch?v=7zGbTKrYXgQ,-,https://bsaber.com/songs/c654/,https://bsaber.com/tag/purini,4.83,173.0,135.1500,,,,
,,14,WINNER ‚Äì REALLY REALLY (Japanese vers.),J-Pop,Reggaeton,https://www.youtube.com/watch?v=OkOBLcUMjUw,-,https://bsaber.com/songs/c9a1/,https://bsaber.com/tag/noxn,21.00,103.5,102.9900,,,,
,,15,Rick Springfield ‚Äì Jessie‚Äôs Girl,Rock,Classic Rock,https://www.youtube.com/watch?v=qYkbTyHXwbs,-,https://bsaber.com/songs/c74f/,https://bsaber.com/tag/majorpickle,4.20,127.0,66.8200,,,,
,,16,Rita ‚Äì DORCHADAS [Shikkoku no Sharnoth Opening],J-Pop,Indie,https://www.youtube.com/watch?v=ptoXaf-6tLs,-,https://bsaber.com/songs/c72c/,https://bsaber.com/tag/etan,4.00,94.5,125.0100,,,,
,,17,Girls‚Äô Generation (SNSD) ‚Äì All Night,Electronic,EDM,https://www.youtube.com/watch?v=f4w8IbQTJpY,-,https://bsaber.com/songs/c99f/,https://bsaber.com/tag/noxn,20.00,130.5,65.0000,,,,
,,18,Hacking to the Gate [iDOLM@STER Soundtrack] ‚Äì Ranko Kanzaki,J-Pop,Anime,https://www.youtube.com/watch?v=bekIJTLgdz8,"ANIME, J-POP, SOUNDTRACK",https://bsaber.com/songs/c95c/,https://bsaber.com/tag/joetastic,34.00,80.5,160.7769,,,,
,,19,Blind Guardian ‚Äì Road of No Release,Rock,Metal,https://www.youtube.com/watch?v=51G5ebOKEw8,-,https://bsaber.com/songs/c7a1/,https://bsaber.com/tag/cyrix,6.75,156.5,160.3000,,,,
,,20,PSYQUI ‚Äì Education,Electronic,J-Core,https://www.youtube.com/watch?v=IAgTv8b20Dg,-,https://bsaber.com/songs/c62c/,https://bsaber.com/tag/ryger,3.71,90.0,180.0000,,,,
9,08-12-2020,1,[Extra Sensory] Hayako ‚Äì Analys,Video Game,Speedcore,https://www.youtube.com/watch?v=eqZE60HanCM,"ELECTRONIC, MOD CHART",https://bsaber.com/songs/d00c/,https://bsaber.com/tag/reaxt,41.86,113.5,170.1100,,,08-04-2020,Lost some data by mistake :( day of the github repo initial commit
,,2,[FUTURE FUNK PACK] Windy Summer (Night Tempo 100% Pure Remastered),J-Pop,Future Funk,https://www.youtube.com/watch?v=cRcGdTcZLFQ,"80'S, FUTURE FUNK, J-POP, JAPANESE",https://bsaber.com/songs/d35a/,https://bsaber.com/tag/etan,13.00,120.5,60.0700,,,,
,,3,[FUTURE FUNK PACK] Remember Summer Days (MACROSS 82-99 Short Ver.),J-Pop,Future Funk,https://www.youtube.com/watch?v=idipMrfAZHk,"80'S, FUTURE FUNK, J-POP, JAPANESE",https://bsaber.com/songs/d35b/,https://bsaber.com/tag/etan,12.67,110.5,111.0100,,,,
,,4,EveryBody -Shirakami Fubuki,J-Pop,Meme,https://www.youtube.com/watch?v=6Jdi67b13Aw,-,https://bsaber.com/songs/d000/,https://bsaber.com/tag/emir,5.00,107.5,107.2600,,,,
,,5,Windows XP Startup,Meme,Meme,https://www.youtube.com/watch?v=bzkcepytOGc,-,https://bsaber.com/songs/d02f/,https://bsaber.com/tag/epicewok,6.50,109.5,202.5400,,,,
,,6,Seven Lions ‚Äì Silent Skies (ft. Karra) | [Chroma RGB],Electronic,EDM,https://www.youtube.com/watch?v=bi7-VsGyZiU,-,https://bsaber.com/songs/d191/,https://bsaber.com/tag/nitronikexe,5.80,93.5,140.0000,,,,
,,7,cYsmix ‚Äì Peer Gynt (Chroma 2.0),Electronic,Speedcore,https://www.youtube.com/watch?v=w4dLTLW6dJ0,-,https://bsaber.com/songs/d299/,https://bsaber.com/tag/bloodcloak,12.67,140.5,139.6400,,,,
,,8,Blossom ‚Äì Synthion,J-Pop,Speedcore,https://www.youtube.com/watch?v=5utPVxGL1kA,-,https://bsaber.com/songs/d268/,https://bsaber.com/tag/wanguskhan,9.25,176.0,175.0000,,,,
,,9,Give Me a Nightmare ‚Äì Alice Schach and the Magic Orchestra,Video Game,Japanese,https://www.youtube.com/watch?v=6Fa1I1zqK-g,-,https://bsaber.com/songs/d284/,https://bsaber.com/tag/emir,9.00,156.0,190.4600,,,,
,,10,Chili Corn Carne ‚Äì The Real Group,Pop,Acapella,https://www.youtube.com/watch?v=Yzv1KS1xyNE,-,https://bsaber.com/songs/d3f2/,https://bsaber.com/tag/emir,17.50,98.0,184.4800,,,,
,,11,Kodachrome ‚Äì Paul Simon [Chroma],Pop,Classic Pop,https://www.youtube.com/watch?v=JD6Zq505pnM,360 DEGREE,https://bsaber.com/songs/d042/,https://bsaber.com/tag/techbutterfly,4.33,136.5,135.3100,,,,
,,12,[FUTURE FUNK PACK] Disco Lady ‚Äì Nanidato,J-Pop,Future Funk,https://www.youtube.com/watch?v=eQjYdwbgYN8,"DISCO, FUTURE FUNK, JAPANESE",https://bsaber.com/songs/d410/,https://bsaber.com/tag/etan,17.00,120.5,128.4000,,,,
,,13,[FUTURE FUNK PACK] Shiawase No Monosashi (VANTAGE // Short Ver.),J-Pop,Future Funk,https://www.youtube.com/watch?v=spN2_Tuw9hE,"FUTURE FUNK, J-POP, JAPANESE",https://bsaber.com/songs/d4a5/,https://bsaber.com/tag/etan,38.77,131.0,128.0000,,,,
,,14,Bohemian Rhapsody ‚Äì Queen,Rock,Hard Rock,https://www.youtube.com/watch?v=fJ9rUzIMcZQ,-,https://bsaber.com/songs/d0be/,https://bsaber.com/tag/jokidum,7.00,96.5,204.2200,,,,
,,15,kanaria ‚Äì KING,Electronic,J-Core,https://www.youtube.com/watch?v=cm-l2h6GB8Q,-,https://bsaber.com/songs/d3f4/,https://bsaber.com/tag/x100110x,13.50,166.5,166.0000,,,,
,,16,Ventura Highway ‚Äì America,Rock,Indie,https://www.youtube.com/watch?v=tnV7dTXlXxs,360 DEGREE,https://bsaber.com/songs/d2ca/,https://bsaber.com/tag/techbutterfly,6.33,129.5,88.9500,,,,
,,17,Boulevard of Broken Dreams (Nightcore),Electronic,Nightcore,https://www.youtube.com/watch?v=VA2lAprf5Qc,-,https://bsaber.com/songs/d1dd/,https://bsaber.com/tag/tranch,5.50,101.5,203.2400,,,,
,,18,Laur ‚Äì Metamorphose,Electronic,Drumstep,https://www.youtube.com/watch?v=kFTH7lVxX-Q,-,https://bsaber.com/songs/d085/,https://bsaber.com/tag/spookybeard,2.50,160.5,159.9900,,,,
,,19,Azazal & Said ‚Äì I Said Meow,Electronic,Dubstep,https://www.youtube.com/watch?v=Byuhn6hkJbM,-,https://bsaber.com/songs/d0ea/,https://bsaber.com/tag/cyansnow,3.00,97.5,99.6100,,,,
,,21,Trifect ‚Äì Neverland (Short Ver),Electronic,Japanese,https://www.youtube.com/watch?v=AsG5HLE4Jfs,-,https://bsaber.com/songs/d3d7/,https://bsaber.com/tag/carrot090,1.50,127.5,127.0000,,,,
10,08-19-2020,1,Geoxor ‚Äì Gloom [Wallmap] V2,Electronic,LoFi,https://www.youtube.com/watch?v=dqDs14YqsAw,-,https://bsaber.com/songs/d7fa/,https://bsaber.com/tag/minething,19.33,93.5,182.4400,,,,
,,2,[FUTURE FUNK PACK] Shiawase No Monosashi (VANTAGE // Short Ver.),J-Pop,Future Funk,https://www.youtube.com/watch?v=spN2_Tuw9hE,"FUTURE FUNK, J-POP, JAPANESE",https://bsaber.com/songs/d4a5/,https://bsaber.com/tag/etan,7.43,131.0,128.0000,,,,
,,3,[FUTURE FUNK PACK] You Look So Good ‚Äì Moe Shop,J-Pop,Future Funk,https://www.youtube.com/watch?v=sZwN9kPzpWA,"80'S, ELECTRO HOUSE, FUTURE FUNK, JAPANESE",https://bsaber.com/songs/d60c/,https://bsaber.com/tag/etan,5.80,115.5,114.9500,,,,
,,4,[FUTURE FUNK PACK] Idolstep Dreaming ‚Äì Mikazuki BIGWAVE,J-Pop,Future Funk,https://www.youtube.com/watch?v=Qcmm7_5AYRw,"80'S, FUTURE FUNK, J-POP, JAPANESE",https://bsaber.com/songs/d565/,https://bsaber.com/tag/etan,4.83,105.5,104.9500,,,,
,,5,[FUTURE FUNK PACK] September ‚Äì Tenma Tenma,J-Pop,Future Funk,https://www.youtube.com/watch?v=6VsJgk5Qw6s,"80'S, FUTURE FUNK, J-POP, JAPANESE",https://bsaber.com/songs/d55f/,https://bsaber.com/tag/etan,6.33,110.0,111.1200,,,,
,,6,Elektronomia ‚Äì Summer Vibes,Electronic,EDM,https://www.youtube.com/watch?v=gPmjeUHI3cs,-,https://bsaber.com/songs/d51e/,https://bsaber.com/tag/weldonwen,6.33,105.5,105.0000,,,,
,,7,Skrillex ‚Äì Fuji Opener (Virtual Riot & Xomega Remix),Electronic,Dubstep,https://www.youtube.com/watch?v=EzG5segvGwE,-,https://bsaber.com/songs/d6a6/,https://bsaber.com/tag/pkdan,9.50,112.5,149.8400,,,,
,,8,[FUTURE FUNK PACK] Megumi no Hito (Night Tempo Showa Groove Mix),J-Pop,Future Funk,https://www.youtube.com/watch?v=RAwBZRg69QY,"80'S, FUTURE FUNK, J-POP, JAPANESE",https://bsaber.com/songs/d4a4/,https://bsaber.com/tag/etan,5.14,124.5,123.9900,,,,
,,9,Twice ‚Äì LIKEY,J-Pop,Pop,https://www.youtube.com/watch?v=V2hlQkVJZhE,-,https://bsaber.com/songs/d771/,https://bsaber.com/tag/simplymarvellous,8.00,166.5,131.8600,,,,
,,10,Starlight ‚Äì B3LLA (feat. Reichuu),Electronic,Drumstep,https://www.youtube.com/watch?v=iFj15hw7bxE,-,https://bsaber.com/songs/d7c7/,https://bsaber.com/tag/minething,7.67,160.0,164.9900,,,,
,,11,Laur ‚Äì Metamorphose,Electronic,Drumstep,https://www.youtube.com/watch?v=kFTH7lVxX-Q,-,https://bsaber.com/songs/d762/,https://bsaber.com/tag/riseumuruq,7.00,160.5,159.9900,,,,
,,12,Don‚Äôt Stop ‚Äì KUURO,Electronic,Dubstep,https://www.youtube.com/watch?v=HkCsiBwQ2lk,-,https://bsaber.com/songs/d608/,https://bsaber.com/tag/timeweaver,20.00,180.0,89.8200,,,,
,,13,[Extra Sensory] LeaF ‚Äì Doppelganger,Electronic,Speedcore,https://www.youtube.com/watch?v=__fMAV7mLuY,-,https://bsaber.com/songs/d53c/,https://bsaber.com/tag/aeroluna,24.83,140.5,140.0000,,,,
,,14,City Lights (somunia nyankobrq Remix),J-Pop,LoFi,https://www.youtube.com/watch?v=dWRz2ZR-Tfw,-,https://bsaber.com/songs/d6b2/,https://bsaber.com/tag/mux,4.00,131.0,130.9900,,,,
,,15,Coffin Dance (Camellia Remix),Electronic,Meme,https://www.youtube.com/watch?v=PqJTTEqB5WU,-,https://bsaber.com/songs/d574/,https://bsaber.com/tag/that_narwhal,5.50,100.5,225.9200,,,,
,,16,Knife Party ‚Äì Bonfire,Electronic,Dubstep,https://www.youtube.com/watch?v=e-IWRmpefzE,-,https://bsaber.com/songs/d79d/,https://bsaber.com/tag/slimyblob,4.67,87.0,89.1200,,,,
,,17,[FUTURE FUNK PACK] Tokyo Chopp ft. Shiki(TMNS) (Moe Shop Remix),Hip Hop,Dance,https://www.youtube.com/watch?v=B33EyOOaGwM,"80'S, ELECTRO HOUSE, FUTURE FUNK, JAPANESE, RAP",https://bsaber.com/songs/d60d/,https://bsaber.com/tag/etan,2.80,115.0,116.5900,,,,
,,18,Precious Summer !,J-Pop,Speedcore,https://www.youtube.com/watch?v=qDrm8NfhgsU,-,https://bsaber.com/songs/d610/,https://bsaber.com/tag/emir,2.60,103.0,204.4000,,,,
,,19,Dream X Scramble,J-Pop,Anime,https://www.youtube.com/watch?v=Cq9cM0D_fZU,-,https://bsaber.com/songs/d4b7/,https://bsaber.com/tag/epg7ens,1.57,115.5,114.9469,,,,
,,20,DenporuP ‚Äì World on Color ‚Äì feat. Hatsune Miku,J-Pop,Vocaloid,https://www.youtube.com/watch?v=3iMdlFaiO4s,-,https://bsaber.com/songs/d523/,https://bsaber.com/tag/fefy,1.83,,119.8600,,,,
11,08-30,1,The Spectre ‚Äì Wallmap,Electronic,EDM,https://www.youtube.com/watch?v=wJnBTPUQS5A,-,https://bsaber.com/songs/e01a/,https://bsaber.com/tag/rizthesnuggie,76.00,128.5,127.9400,,,,
,,2,Matrix & Futurebound ‚Äì Control (ft. Max Marshall),Electronic,DnB,https://www.youtube.com/watch?v=iRQFgSPGnwc,-,https://bsaber.com/songs/dda2/,https://bsaber.com/tag/pkdan,10.80,151.0,175.0000,,,,
,,3,"K/DA ‚Äì THE BADDEST ft. (G)I-DLE, Bea Miller, Wolftyla",J-Pop,Trap,https://www.youtube.com/watch?v=RkID8_gnTxw,360 DEGREE,https://bsaber.com/songs/dfc3/,https://bsaber.com/tag/kikaeaeon,56.50,150.5,123.0369,,Same as #5,,
,,4,yasuoP ‚Äì Electric Angel/„Åà„Çå„Åè„Å®„Çä„Å£„Åè„Éª„Åà„Çì„Åò„Åá„ÅÖ ‚Äì Kagamine Rin Kagamine Ren ‚Äì ArrangeCover „ÄêWall Map„Äë(Fixed),J-Pop,Vocaloid,https://www.youtube.com/watch?v=sSYoz0JmnZo,-,https://bsaber.com/songs/dd1d/,https://bsaber.com/tag/fefy,10.50,151.0,149.6000,,,,
,,5,"THE BADDEST (ft. (G)I-DLE, Bea Miller, Wolftyla) ‚Äì K/DA",J-Pop,Trap,https://www.youtube.com/watch?v=RkID8_gnTxw,-,https://bsaber.com/songs/def1/,https://bsaber.com/tag/thelightdesigner,29.00,124.0,123.0369,,Same as #3,,
,,6,Gonna Get Funky ‚Äì GRiZ,Electronic,Dance,https://www.youtube.com/watch?v=Pz6aFkw5vy0,-,https://bsaber.com/songs/dcfc/,https://bsaber.com/tag/ryger,4.86,149.5,124.0000,,,,
,,7,Lost It ‚Äì Virtual Riot ft. Pearl Andersson,Electronic,Dubstep,https://www.youtube.com/watch?v=rs6z63w-UcU,-,https://bsaber.com/songs/dffa/,https://bsaber.com/tag/xcheesy,32.00,157.5,149.9600,,,,
,,8,[Jubeat] „Å∫„ÅÆ„Çå„Çä- Fairy Fair [WallMap],Video Game,Japanese,https://www.youtube.com/watch?v=dE4mFNUkDkE,-,https://bsaber.com/songs/de3d/,https://bsaber.com/tag/kamy,7.50,83.5,106.9369,,,,
,,9,Danny Elfman ‚Äì This Is Halloween,TV/Movies,OST,https://www.youtube.com/watch?v=ClowdBJ-AO0,-,https://bsaber.com/songs/dd10/,https://bsaber.com/tag/olfah,3.86,155.5,95.9200,,,,
,,10,Donkey Donk ‚Äì Ryu‚òÜ,Electronic,Eurobeat,https://www.youtube.com/watch?v=eqra3YGEa4k,-,https://bsaber.com/songs/deea/,https://bsaber.com/tag/ejiejidayo,11.33,108.0,154.9900,,,,
,,11,Kobaryo ‚Äì Theme for Psychopath Justice,Video Game,Speedcore,https://www.youtube.com/watch?v=yNjcuoYXQMo,-,https://bsaber.com/songs/de01/,https://bsaber.com/tag/cerret,5.00,100.5,183.0300,,,,
,,12,164 ‚Äì Â§©„ÉéÂº± feat.GUMI„ÄêBEGINNER„Äë,J-Pop,Rock,https://www.youtube.com/watch?v=2-zPY0vrpjQ,-,https://bsaber.com/songs/df46/,https://bsaber.com/tag/maso,12.00,105.5,200.4500,,,,
,,13,DECO27 ‚Äì Ghost Rule feat. Hatsune Miku„ÄêBEGINNER„Äë,Rock,Vocaloid,https://www.youtube.com/watch?v=KushW6zvazM,-,https://bsaber.com/songs/de20/,https://bsaber.com/tag/maso,7.75,100.5,209.9500,,,,
,,14,Henry Stickmin ‚Äì Distraction Dance,Meme,Meme,https://www.youtube.com/watch?v=6XK4S8OQPuU,-,https://bsaber.com/songs/df72/,https://bsaber.com/tag/pink,14.00,132.0,132.0000,,,,
,,15,DECO27 ‚Äì HIBANA feat. Hatsune Miku„ÄêBEGINNER„Äë,Rock,Vocaloid,https://www.youtube.com/watch?v=hxSg2Ioz3LM,-,https://bsaber.com/songs/dfd6/,https://bsaber.com/tag/maso,19.00,100.5,200.0000,,,,
,,16,Highway to Hell ‚Äì AC/DC,Rock,Hard Rock,https://www.youtube.com/watch?v=l482T0yNkeo,-,https://bsaber.com/songs/e01c/,https://bsaber.com/tag/jokidum,33.00,113.0,114.6200,,,,
,,17,Hirahashi Book Store ‚Äì Network „ÄêWall Map„Äë(Fixed),Electronic,Chiptune,https://www.youtube.com/watch?v=M5R4uGYlHc8,-,https://bsaber.com/songs/dd1c/,https://bsaber.com/tag/fefy,4.33,143.0,142.9900,,,,
,,18,Boogie Back [Dragon Ball Super 8th Ending] ‚Äì Miyu Inoue,J-Pop,Anime,https://www.youtube.com/watch?v=hNulDbfmaw0,"ANIME, J-POP",https://bsaber.com/songs/dfee/,https://bsaber.com/tag/joetastic,16.00,128.5,128.0000,,,,
,,19,MARETU ‚Äì Venom (MARETU Remix),J-Pop,Vocaloid,https://www.youtube.com/watch?v=0E4W1BvrIYM,-,https://bsaber.com/songs/dd88/,https://bsaber.com/tag/x100110x,2.50,152.5,101.3300,152,,,
,,20,"Vengaboys ‚Äì Boom Boom Boom Boom!! (Prezioso, Alyon & Mylian Bootleg)",Electronic,Eurobeat,https://www.youtube.com/watch?v=9zc2-Jx5100,-,https://bsaber.com/songs/dd25/,https://bsaber.com/tag/dyprax83,2.33,156.0,154.9900,,,,
12,09-09,1,[Alphabeat ‚Äì Marshmello Pack] Anne-Marie & Marshmello ‚Äì FRIENDS,Pop,Trap,https://www.youtube.com/watch?v=CY8E6N5Nzec,"1. BALANCED, 2. INTERMEDIATE, EDM, POP",https://bsaber.com/songs/e4ae/,https://bsaber.com/tag/nitronikexe,22.67,,,,,,
,,2,[Alphabeat ‚Äì Marshmello Pack] Crankdat & Marshmello ‚Äì Falling To Pieces,Electronic,Drumstep,https://www.youtube.com/watch?v=oypdVyG_oPw,"1. BALANCED, 2. INTERMEDIATE, DUBSTEP, EDM",https://bsaber.com/songs/e4af/,https://bsaber.com/tag/nitronikexe,17.67,,,,,,
,,3,[Alphabeat ‚Äì Marshmello Pack] Marshmello x Selena Gomez ‚Äì Wolves,Electronic,EDM,https://www.youtube.com/watch?v=xrbY9gDVms0,"1. BALANCED, 2. INTERMEDIATE",https://bsaber.com/songs/e4ac/,https://bsaber.com/tag/timeweaver,19.00,,,,,,
,,4,Uruha Rushia ‚Äì Ghost In A Flower (cover),J-Pop,Anime,https://www.youtube.com/watch?v=UBSx4qqeikY&feature=emb_title,-,https://bsaber.com/songs/e28e/,https://bsaber.com/tag/light%20ai,7.50,,,,,,
,,5,[Alphabeat ‚Äì Marshmello Pack] A Day To Remember & Marshmello ‚Äì Rescue Me,Electronic,Rock,https://www.youtube.com/watch?v=3h3wJk0CBY8,"1. BALANCED, 2. INTERMEDIATE, EDM, ROCK",https://bsaber.com/songs/e4b0/,https://bsaber.com/tag/nitronikexe,14.00,,,,,,
,,6,Tsukiakari no Michishirube (TV Size) [Darker than Black: Ryuusei no Gemini Opening] ‚Äì Stereopony,J-Pop,Anime,https://www.youtube.com/watch?v=9sY9gH8v9FI,-,https://bsaber.com/songs/e230/,https://bsaber.com/tag/joetastic,4.71,,,,,,
,,7,Kienai Kizuna Hatsune Miku,J-Pop,Vocaloid,https://www.youtube.com/watch?v=zkWSuazfZ1U,-,https://bsaber.com/songs/e4a3/,https://bsaber.com/tag/katsuya,10.33,,,,,,
,,8,[Alphabeat ‚Äì Marshmello Pack] Marshmello ‚Äì Summer,Electronic,EDM,https://www.youtube.com/watch?v=2vMH8lITTCE,"1. BALANCED, 2. NOVICE",https://bsaber.com/songs/e4aa/,https://bsaber.com/tag/firestrikeyt,10.33,,,,,,
,,9,[Alphabeat ‚Äì Marshmello Pack] Marshmello & Halsey ‚Äì Be Kind,Electronic,Pop,https://www.youtube.com/watch?v=n7eq3E9zE2Y,"1. BALANCED, 2. INTERMEDIATE",https://bsaber.com/songs/e4ab/,https://bsaber.com/tag/firestrikeyt,9.33,,,,,,
,,10,Franky Nuts ‚Äì Lose Control (ft. Danyka Nadeau),Electronic,Drumstep,https://www.youtube.com/watch?v=73z_Qz5HT-Y,"DUBSTEP, EDM",https://bsaber.com/songs/e41d/,https://bsaber.com/tag/pkdan,11.00,,,,,,
,,11,Brand-new World [The Asterisk War Opening] ‚Äì Shiena Nishizawa,J-Pop,Anime,https://www.youtube.com/watch?v=wkG4_Y2ZLUg,"ANIME, J-POP",https://bsaber.com/songs/e24a/,https://bsaber.com/tag/joetastic,4.71,,,,,,
,,12,Kamisama Neji Maki (Wind-Up God) ‚Äì Kemu ft. Gumi,J-Pop,Vocaloid,https://www.youtube.com/watch?v=0He-u9f217g,"J-POP, VOCALOID",https://bsaber.com/songs/e2e0/,https://bsaber.com/tag/joetastic,3.67,,,,,,
,,13,Your Reality ‚Äì Doki Doki Literature Club,Video Game,Japanese,https://www.youtube.com/watch?v=CAL4WMpBNs0,-,https://bsaber.com/songs/e442/,https://bsaber.com/tag/jokidum,7.33,,,,,,
,,14,kemu ‚Äì Roku Chounen to Ichiya Monogatari„ÄêBEGINNER„Äë,J-Pop,Anime,https://www.youtube.com/watch?v=bD9u7bjXZqM,-,https://bsaber.com/songs/e49f/,https://bsaber.com/tag/maso,7.00,,,,,,
,,15,Marshmello x Ookay ‚Äì Chasing Colors (ft. Noah Cyrus),Pop,Trap,https://www.youtube.com/watch?v=zInL1ZUPu7s,"1. BALANCED, 2. INTERMEDIATE",https://bsaber.com/songs/e4b4/,https://bsaber.com/tag/timeweaver,15.33,,,,,,
,,16,Tokyo Machine ‚Äì PAUSE,Electronic,House,https://www.youtube.com/watch?v=RhR_Z5wVvJM,"1. BALANCED, 2. INTERMEDIATE, EDM, ELECTRO HOUSE, MEME",https://bsaber.com/songs/e1eb/,https://bsaber.com/tag/nitronikexe,4.75,,,,,,
,,17,Gurenge [22/7 Soundtrack] ‚Äì Reika Sato,J-Pop,Anime,https://www.youtube.com/watch?v=zZzArKnSGPc,"ANIME, J-POP",https://bsaber.com/songs/e394/,https://bsaber.com/tag/joetastic,6.60,,,,,,
,,18,Kano ‚Äì Nadamesukashi Negotiation [Uzaki-chan Wants to Hang Out! Opening],J-Pop,Anime,https://www.youtube.com/watch?v=yo-I3fQXYjQ,"1. BALANCED, 2. ADVANCED, ANIME, J-POP, JAPANESE",https://bsaber.com/songs/e2b8/,https://bsaber.com/tag/etan,5.33,,,,,,
,,19,"YUNGBLUD, Halsey ‚Äì 11 Minutes ft. Travis Barker",Rock,Alternative,https://www.youtube.com/watch?v=a1RMiMLDsvQ,-,https://bsaber.com/songs/e232/,https://bsaber.com/tag/amuga,2.57,,,,,,
,,20,Sweet Arms ‚Äì I Swear (TV Size) | Date A Live 3 Opening,J-Pop,Anime,https://www.youtube.com/watch?v=pLQGfSQUuCM,-,https://bsaber.com/songs/e291/,https://bsaber.com/tag/icantjumpwell,4.00,,,,,,
13,09-15,1,[NoodleGames Vol.2] Rivers in the Desert ‚Äì Persona 5,Video Game,OST,https://www.youtube.com/watch?v=Fy6cyUV_UH0,"1. BALANCED, 2. NOVICE",https://bsaber.com/songs/e7ce/,https://bsaber.com/tag/theab,11.4,,,,,,
,,2,[NoodleGames Vol.2] Martin O‚ÄôDonnell and Michael Salvatori ‚Äì Rain,Video Game,OST,https://www.youtube.com/watch?v=PkqtUEkuoNc,"1. BALANCED, 2. BEGINNER, WALL ART",https://bsaber.com/songs/e7c7/,https://bsaber.com/tag/caeden117,8.6,,,,,,
,,3,[NoodleGames Vol.2] Weight of the World Kowaretasekainouta ‚Äì NieR: Automata,Video Game,OST,https://www.youtube.com/watch?v=uh7OkyAlaKM,"1. DANCE, 2. NOVICE",https://bsaber.com/songs/e7d6/,https://bsaber.com/tag/theab,8.6,,,,,,
,,4,[90¬∞ One Saber demo] Sherlock Opening,TV/Movies,OST,https://www.youtube.com/watch?v=1a_5edfc5q4,"1. BALANCED, 2. NOVICE, 90 DEGREE",https://bsaber.com/songs/e2f2/,https://bsaber.com/tag/stumi,8,,,,,,
,,5,[NoodleGames Vol.2] Last Surprise ‚Äì Persona 5,Video Game,OST,https://www.youtube.com/watch?v=Ec4YbVP9R-A,"1. BALANCED, 2. INTERMEDIATE",https://bsaber.com/songs/e7cd/,https://bsaber.com/tag/theab,12.2,,,,,,
,,6,Vitality,Electronic,Hardstyle,https://www.youtube.com/watch?v=EnDXGQmCz3U,-,https://bsaber.com/songs/eaea/,https://bsaber.com/tag/emir,37,,,,,,
,,7,"[NoodleGames Vol.2] Wake Up, Get Up, Get Out There ‚Äì Persona 5",Video Game,OST,https://www.youtube.com/watch?v=-09Sox6voGU,"1. BALANCED, 2. INTERMEDIATE",https://bsaber.com/songs/e910/,https://bsaber.com/tag/theab,11.33333333,,,,,,
,,8,Tetris 99 Megamix,Video Game,Chiptune,https://www.youtube.com/watch?v=63hoSNvS6Z4,"1. BALANCED, 2. ADVANCED",https://bsaber.com/songs/e770/,https://bsaber.com/tag/redmagi,12.2,,,,,,
,,9,KRUSTY KRAB PIZZA,TV/Movies,Meme,https://www.youtube.com/watch?v=jL3tyVOtpiM,-,https://bsaber.com/songs/e860/,https://bsaber.com/tag/jokidum,9.5,,,,,,
,,10,Harujion ‚Äì YOASOBI,J-Pop,Pop,https://www.youtube.com/watch?v=kzdJkT4kp-A,-,https://bsaber.com/songs/e692/,https://bsaber.com/tag/hiyasi_penguin,5.142857143,,,,,,
,,11,‰∏çÂèØÂπ∏Âäõ,Hip Hop,Japanese,https://www.youtube.com/watch?v=Gbz2C2gQREI,-,https://bsaber.com/songs/e88a/,https://bsaber.com/tag/kanahebi255,6,,,,,,
,,12,Let‚Äôs Get Real (RWBY: Volume 7 Soundtrack) ‚Äì Jeff Williams ft. Casey Lee Williams & Erin Reilly,Video Game,Dance,https://www.youtube.com/watch?v=6WQOo30YSOw,"1. DANCE, 2. INTERMEDIATE, FUNK, SOUNDTRACK",https://bsaber.com/songs/eafa/,https://bsaber.com/tag/joetastic,23,,,,,,
,,13,[NoodleGames Vol.2] Louise Penman ‚Äì Baptism of Fire (CliqTrack remix),Video Game,DnB,https://www.youtube.com/watch?v=8CuI3CsEb50,"1. BALANCED, 2. INTERMEDIATE",https://bsaber.com/songs/e7cc/,https://bsaber.com/tag/plusonerabbit,4.6,,,,,,
,,14,[NoodleGames Vol.2] A Hat In Time & Plasma3Music ‚Äì Trainwreck Of Electro Swing,Video Game,Electroswing,https://www.youtube.com/watch?v=2c1iSpk3u1A,"1. TECH, 2. INTERMEDIATE",https://bsaber.com/songs/e7bb/,https://bsaber.com/tag/pixelguymm,7.6,,,,,,
,,15,KSHMR ‚Äì Over And Out,Electronic,Hardstyle,https://www.youtube.com/watch?v=eZTR9778lw4,-,https://bsaber.com/songs/e63d/,https://bsaber.com/tag/happyglt,3.142857143,,,,,,
,,16,chocolate box (watakana cover),J-Pop,Electro,https://www.youtube.com/watch?v=TyILqS4nF3M,-,https://bsaber.com/songs/e828/,https://bsaber.com/tag/mux,5.6,,,,,,
,,17,Sheep In The Light,J-Pop,Dance,https://www.youtube.com/watch?v=H2V_eME2aT8,-,https://bsaber.com/songs/e7db/,https://bsaber.com/tag/cat_using_a_toaster,4,,,,,,
,,18,"[NoodleGames Vol.2] League of Legends ‚Äì RISE (ft. The Glitch Mob, Mako, and The Word Alive)",Rock,Alternative,https://www.youtube.com/watch?v=fB8TyLTD7EE,"1. BALANCED, 2. NOVICE",https://bsaber.com/songs/e7be/,https://bsaber.com/tag/halcyon12,5.2,,,,,,
,,19,[NoodleGames Vol.2] C418 ‚Äì Sweden,Video Game,OST,https://www.youtube.com/watch?v=aBkTkxKDduc,"1. BALANCED, 2. BEGINNER",https://bsaber.com/songs/e7ba/,https://bsaber.com/tag/halcyon12,6.2,,,,,,
,,20,[NoodleGames Vol.2] Bryan Tyler ‚Äì Pyrates Beware ‚Äì Assassin‚Äôs Creed IV: Black Flag OST,Video Game,OST,https://www.youtube.com/watch?v=V2NvnaxShtY,"1. BALANCED, 2. INTERMEDIATE, EPIC, INSTRUMENTAL, ORCHESTRAL, SOUNDTRACK, VIDEO GAME",https://bsaber.com/songs/e792/,https://bsaber.com/tag/helencarnate,3.4,,,,,,
14,09-22,1,NULCTRL (Meiso FLIP),Electronic,Drumstep,https://www.youtube.com/watch?v=RdAjAhP7Ga4,"1. BALANCED, 2. ADVANCED, MOD CHART",https://bsaber.com/songs/ed2a/,https://bsaber.com/tag/reaxt,32,,,,,,
,,2,Din Don Dan (Extended Mix),Electronic,Eurobeat,https://www.youtube.com/watch?v=LwBIiE3Ef6M,-,https://bsaber.com/songs/edd7/,https://bsaber.com/tag/fefy,10.25,,,,,,
,,3,[KSHMR Pack] KSHMR x Marnik ‚Äì Mandala (ft. Mitaka),Electronic,House,https://www.youtube.com/watch?v=ZgEY-EkNGN8,"1. DANCE, 2. INTERMEDIATE, EDM, ELECTRO HOUSE",https://bsaber.com/songs/ed9e/,https://bsaber.com/tag/nitronikexe,9.666666667,,,,,,
,,4,Kasai Harcores ‚Äì Drop The Fire,Electronic,House,https://www.youtube.com/watch?v=Su-b-8uHd6o,-,https://bsaber.com/songs/ef52/,https://bsaber.com/tag/cat_using_a_toaster,11,,,,,,
,,5,[KSHMR Pack] KSHMR x Marnik ‚Äì Bazaar,Electronic,House,https://www.youtube.com/watch?v=KlJAiwwGHMg,"1. DANCE, 2. INTERMEDIATE, EDM, ELECTRO HOUSE",https://bsaber.com/songs/ed9a/,https://bsaber.com/tag/nitronikexe,8,,,,,,
,,6,Better Now ‚Äì Post Malone,Hip Hop,Trap,https://www.youtube.com/watch?v=nqggm9o2Z9k,-,https://bsaber.com/songs/ed6c/,https://bsaber.com/tag/stayhigh,4.8,,,,,,
,,7,Avalanche,Electronic,Speedcore,https://www.youtube.com/watch?v=Ns4mCjp_y_o,-,https://bsaber.com/songs/f124/,https://bsaber.com/tag/that_narwhal,32,,,,,,
,,8,Sword Art Online Opening Compilation 2,J-Pop,Anime,https://www.youtube.com/watch?v=zsGfi1EfX_k,"1. BALANCED, 2. INTERMEDIATE, ANIME, J-POP",https://bsaber.com/songs/ee68/,https://bsaber.com/tag/joetastic,5.75,,,,,,
,,9,Moglii | Tonic Water (Snocker Cot Remix) | Chroma 2.0,Electronic,Indie,https://www.youtube.com/watch?v=0aihtCwBp-k,-,https://bsaber.com/songs/f04b/,https://bsaber.com/tag/aaltopahwi,28,,,,,,
,,10,Kasai Harcores ‚Äì Drop The Fire,Electronic,House,https://www.youtube.com/watch?v=Su-b-8uHd6o,-,https://bsaber.com/songs/edad/,https://bsaber.com/tag/cat_using_a_toaster,6.75,,,,,,
,,11,Dazzling White Town [Love Live! Soundtrack] ‚Äì Saint Snow,J-Pop,EDM,https://www.youtube.com/watch?v=Ta8BkUkEAB8,"1. DANCE, 2. INTERMEDIATE, ANIME, J-POP",https://bsaber.com/songs/f045/,https://bsaber.com/tag/joetastic,19,,,,,,
,,12,"Calliope Mori ‚Äì Excuse My Rudeness, But Could You Please RIP?",J-Pop,Rap,https://www.youtube.com/watch?v=5y3xh8gs24c,-,https://bsaber.com/songs/f003/,https://bsaber.com/tag/bloodcloak,45,,,,,,
,,13,Rail Romanesque ‚Äì MItuki Nakae [„Åæ„ÅÑ„Å¶„Å§] „É¨„Ç§„É´„É≠„Éû„Éç„Çπ„ÇØ,J-Pop,Anime,https://www.youtube.com/watch?v=etoWF7oRDXE,-,https://bsaber.com/songs/ef21/,https://bsaber.com/tag/nsenuesu,5.666666667,,,,,,
,,14,bonk,Meme,Meme,https://www.youtube.com/watch?v=5_LntsvxETY,-,https://bsaber.com/songs/f04c/,https://bsaber.com/tag/vasili,25,,,,,,
,,15,F.O.O.L & SKUM ‚Äì Hysteria (v2),Electronic,Dubstep,https://www.youtube.com/watch?v=8S7rvq1toxI,-,https://bsaber.com/songs/f04a/,https://bsaber.com/tag/scrumplex,16,,,,,,
,,16,‚ÄúOnly Us‚Äù featuring Laura Dreyfuss and Ben Platt | DEAR EVAN HANSEN,Pop,Indie,https://www.youtube.com/watch?v=s1Evnzkez7o,-,https://bsaber.com/songs/ed7f/,https://bsaber.com/tag/ryger,3,,,,,,
,,17,FINAL FANTASY XVI ‚Äì Awakening (Alex Moukala Mix),Video Game,OST,https://www.youtube.com/watch?v=MyKtpAihppY,"1. BALANCED, 2. INTERMEDIATE, ORCHESTRAL, VIDEO GAME",https://bsaber.com/songs/efdf/,https://bsaber.com/tag/pyrowarfare,7.5,,,,,,
,,18,[KSHMR Pack] KSHMR ‚Äì Wildcard (ft. Sidnie Tipton),Electronic,House,https://www.youtube.com/watch?v=ux9vr4xfWj4,"1. DANCE, 2. INTERMEDIATE, EDM, ELECTRO HOUSE",https://bsaber.com/songs/ed9d/,https://bsaber.com/tag/nitronikexe,10.5,,,,,,
,,19,DAOKO √ó Á±≥Ê¥•ÁéÑÂ∏´ ‚Äì Êâì‰∏äËä±ÁÅ´ feat.96Áå´ & Â§©Êúà,J-Pop,Anime,https://www.youtube.com/watch?v=2cGi0hfNSJI,-,https://bsaber.com/songs/ed60/,https://bsaber.com/tag/maso,2.8,,,,,,
,,20,[KSHMR Pack] KSHMR x Firebeatz ‚Äì No Heroes (ft. Luciana),Electronic,House,https://www.youtube.com/watch?v=dYa6KLLrWoU,"1. BALANCED, 2. INTERMEDIATE, EDM, ELECTRO HOUSE",https://bsaber.com/songs/ed9c/,https://bsaber.com/tag/nitronikexe,4.666666667,,,,,,
15,09-30,1,‚ÄúOnly Us‚Äù featuring Laura Dreyfuss and Ben Platt | DEAR EVAN HANSEN,Pop,Indie,https://www.youtube.com/watch?v=s1Evnzkez7o,"1. DANCE, 2. NOVICE",https://bsaber.com/songs/ed7f/,https://bsaber.com/tag/ryger,6.142857143,,,,,,
,,2,„Å†„Çì„Å†„ÇìÈ´ò„Åè„Å™„Çã (Getting Higher and Higher) ‚Äì 40meterP feat. Hastune Miku [Noodle Extensions],J-Pop,Rock,https://www.youtube.com/watch?v=2qla5phsDEQ,"1. BALANCED, 2. ADVANCED, MOD CHART",https://bsaber.com/songs/f286/,https://bsaber.com/tag/aggrogahu/,11.5,,,,,,
,,3,Have You Ever Had a Dream (Metal Remix),Meme,Metal,https://www.youtube.com/watch?v=dXidW7fEH8g,-,https://bsaber.com/songs/f42e/,https://bsaber.com/tag/velheor,9.333333333,,,,,,
,,4,Avalanche,Electronic,Speedcore,https://www.youtube.com/watch?v=3YQdOR2MZXA,"1. BALANCED, 2. CHALLENGE",https://bsaber.com/songs/f124/,https://bsaber.com/tag/that_narwhal,4,,,,,,
,,5,Mirror [22/7 Soundtrack] ‚Äì Sakura Fujima,J-Pop,Rock,https://www.youtube.com/watch?v=vWV0Dlf1AAc,"1. BALANCED, 2. INTERMEDIATE, ANIME, J-POP",https://bsaber.com/songs/f372/,https://bsaber.com/tag/joetastic,8.666666667,,,,,,
,,6,I made a shark sound MAD ‚Äì IOSYS,Meme,Japanese,https://www.youtube.com/watch?v=e20A0TzHuGs,"1. BALANCED, 2. INTERMEDIATE, MEME",https://bsaber.com/songs/f144/,https://bsaber.com/tag/joetastic,3.666666667,,,,,,
,,7,"Calliope Mori ‚Äì Excuse My Rudeness, But Could You Please RIP?",J-Pop,Rap,https://www.youtube.com/watch?v=5y3xh8gs24c,"1. BALANCED, 2. INTERMEDIATE",https://bsaber.com/songs/f003/,https://bsaber.com/tag/bloodcloak,7.142857143,,,,,,
,,8,September Eurobeat Remix,Electronic,Eurobeat,https://www.youtube.com/watch?v=3RcGCRTD7sA,-,https://bsaber.com/songs/f44c/,https://bsaber.com/tag/epg7ens,7,,,,,,
,,9,Rising Hope [22/7 Soundtrack] ‚Äì Reika Sato,J-Pop,Anime,https://www.youtube.com/watch?v=foJPL6qGLtg,"1. BALANCED, 2. INTERMEDIATE, ANIME, J-POP",https://bsaber.com/songs/f380/,https://bsaber.com/tag/joetastic,7,,,,,,
,,10,Chocolate (Choco Choco) ‚Äì Soul Control,Pop,Techno,https://www.youtube.com/watch?v=LAjIn6SJK5Y,-,https://bsaber.com/songs/f21c/,https://bsaber.com/tag/alicexiv,4,,,,,,
,,11,Grilletto [22/7 Soundtrack] ‚Äì Yuki Tojo,J-Pop,Anime,https://www.youtube.com/watch?v=NHwnIZxVq70,"1. BALANCED, 2. INTERMEDIATE, ANIME, J-POP",https://bsaber.com/songs/f538/,https://bsaber.com/tag/joetastic,19,,,,,,
,,12,John Mayer ‚Äì New Light,Rock,Indie,https://www.youtube.com/watch?v=mQ055hHdxbE,"1. DANCE, 2. ADVANCED",https://bsaber.com/songs/f050/,https://bsaber.com/tag/bearly,3,,,,,,
,,13,Hall Of The Mountain King ‚Äì Apocalyptica,Rock,Metal,https://www.youtube.com/watch?v=VWEmsUiQELU,-,https://bsaber.com/songs/f30c/,https://bsaber.com/tag/jafdy,7.25,,,,,,
,,14,PSYQUIV & K feat. DJKatsuya,Electronic,Speedcore,https://www.youtube.com/watch?v=Qcm35mZqyc8,-,https://bsaber.com/songs/f15e/,https://bsaber.com/tag/smileeaglet,3.666666667,,,,,,
,,15,Hana ranman -Flowers- ‚Äì TERRA,J-Pop,Techno,https://www.youtube.com/watch?v=qomXhHL08Fg,"1. DANCE, 2. INTERMEDIATE, J-POP, VIDEO GAME",https://bsaber.com/songs/f0d0/,https://bsaber.com/tag/joetastic,3.142857143,,,,,,
,,16,Disturbia ‚Äì Rihanna,Pop,Dance,https://www.youtube.com/watch?v=E1mU6h4Xdxc,-,https://bsaber.com/songs/f0d3/,https://bsaber.com/tag/riskfx,3,,,,,,
,,17,Fuyu no Hanashi [Given OST] ‚Äì Given,J-Pop,Anime,https://www.youtube.com/watch?v=J9PbBgyyqcc,"1. BALANCED, 2. INTERMEDIATE, ANIME, J-POP",https://bsaber.com/songs/f2c9/,https://bsaber.com/tag/joetastic,3.5,,,,,,
,,18,"Shawn Mendes, Zedd ‚Äì Lost In Japan",Pop,Dance,https://www.youtube.com/watch?v=OiTCDijrze8,-,https://bsaber.com/songs/f262/,https://bsaber.com/tag/wemadethis,2.6,,,,,,
,,19,Ryllz ‚Äì Nemesis V1.2,Electronic,Dubstep,https://www.youtube.com/watch?v=Z6pPLL5iUSE,-,https://bsaber.com/songs/f13e/,https://bsaber.com/tag/nanomabs,2.166666667,,,,,,
,,20,BON VOYAGE! (TV Size) [One Piece 4th Opening] ‚Äì Bon-Bon Blanco,J-Pop,Anime,https://www.youtube.com/watch?v=AYhIPAs8JTU,"1. BALANCED, 2. INTERMEDIATE, ANIME, J-POP",https://bsaber.com/songs/f13f/,https://bsaber.com/tag/joetastic,2.166666667,,,,,,